<?xml version="1.0" encoding="UTF-8"?><module codename="org.netbeans.modules.applemenu/1">
    <module_version install_time="1475191090459" last="true" origin="installer" specification_version="1.37.1">
        <file crc="2121659589" name="config/Modules/org-netbeans-modules-applemenu.xml"/>
        <file crc="1253015942" name="modules/locale/org-netbeans-modules-applemenu_ja.jar"/>
        <file crc="434424368" name="modules/locale/org-netbeans-modules-applemenu_pt_BR.jar"/>
        <file crc="1019981274" name="modules/locale/org-netbeans-modules-applemenu_ru.jar"/>
        <file crc="3581920134" name="modules/locale/org-netbeans-modules-applemenu_zh_CN.jar"/>
        <file crc="3115358697" name="modules/org-netbeans-modules-applemenu.jar"/>
    </module_version>
</module>
