<?xml version="1.0" encoding="UTF-8"?><module codename="org.openide.actions">
    <module_version install_time="1475191084035" last="true" origin="installer" specification_version="6.39.1">
        <file crc="3556488737" name="config/Modules/org-openide-actions.xml"/>
        <file crc="519324172" name="modules/locale/org-openide-actions_ja.jar"/>
        <file crc="3469603229" name="modules/locale/org-openide-actions_pt_BR.jar"/>
        <file crc="1544025578" name="modules/locale/org-openide-actions_ru.jar"/>
        <file crc="817286095" name="modules/locale/org-openide-actions_zh_CN.jar"/>
        <file crc="2175448557" name="modules/org-openide-actions.jar"/>
    </module_version>
</module>
