<?xml version="1.0" encoding="UTF-8"?><module codename="org.netbeans.core.output2/1">
    <module_version install_time="1475191107709" last="true" origin="installer" specification_version="1.41.1">
        <file crc="1198063063" name="config/Modules/org-netbeans-core-output2.xml"/>
        <file crc="700641043" name="modules/locale/org-netbeans-core-output2_ja.jar"/>
        <file crc="2484817790" name="modules/locale/org-netbeans-core-output2_pt_BR.jar"/>
        <file crc="1267032127" name="modules/locale/org-netbeans-core-output2_ru.jar"/>
        <file crc="4260998958" name="modules/locale/org-netbeans-core-output2_zh_CN.jar"/>
        <file crc="473207978" name="modules/org-netbeans-core-output2.jar"/>
    </module_version>
</module>
