<?xml version="1.0" encoding="UTF-8" standalone="no"?>
<module codename="org.openide.filesystems">
    <module_version install_time="1475191065027" last="false" origin="installer" specification_version="9.10.1">
        <file crc="3309650626" name="config/ModuleAutoDeps/org-openide-filesystems.xml"/>
        <file crc="1686977775" name="core/locale/org-openide-filesystems_ja.jar"/>
        <file crc="3131627095" name="core/locale/org-openide-filesystems_pt_BR.jar"/>
        <file crc="4263002407" name="core/locale/org-openide-filesystems_ru.jar"/>
        <file crc="1146253013" name="core/locale/org-openide-filesystems_zh_CN.jar"/>
        <file crc="3681517386" name="core/org-openide-filesystems.jar"/>
    </module_version>
    <module_version install_time="1519758539749" last="true" origin="NetBeans Distribution" specification_version="9.10.2">
        <file crc="3309650626" name="config/ModuleAutoDeps/org-openide-filesystems.xml"/>
        <file crc="1188150593" name="core/locale/org-openide-filesystems_ja.jar"/>
        <file crc="1065410756" name="core/locale/org-openide-filesystems_pt_BR.jar"/>
        <file crc="2983328212" name="core/locale/org-openide-filesystems_ru.jar"/>
        <file crc="3040688730" name="core/locale/org-openide-filesystems_zh_CN.jar"/>
        <file crc="2318284392" name="core/org-openide-filesystems.jar"/>
    </module_version>
</module>
